{
    "title" : "Welcome to CatLab!",
    "message" : "Please wait while we configure your Mac...",
    "button1text": "Exit",
    "icon" : "/Library/Application Support/SwiftDialogResources/icons/catlab.png",
    "iconsize" : "400",
    "listitem" : [
      {"title" : "Company Portal", "icon" : "/Library/Application Support/SwiftDialogResources/icons/CompanyPortal.png", "status" : "pending", "statustext" : "Pending"},
      {"title" : "Microsoft Office", "icon" : "/Library/Application Support/SwiftDialogResources/icons/office.png", "status" : "pending", "statustext" : "Pending"},
      {"title" : "Microsoft Edge", "icon" : "/Library/Application Support/SwiftDialogResources/icons/Edge.png", "status" : "pending", "statustext" : "Pending"},
      {"title" : "Microsoft VS Code", "icon" : "/Library/Application Support/SwiftDialogResources/icons/vscode.png", "status" : "pending", "statustext" : "Pending"},
      {"title" : "Windows App", "icon" : "/Library/Application Support/SwiftDialogResources/icons/WindowsApp.png", "status" : "pending", "statustext" : "Pending"},
      {"title" : "Microsoft Defender", "icon" : "/Library/Application Support/SwiftDialogResources/icons/Defender.png", "status" : "pending", "statustext" : "Pending"},
      {"title" : "Device Rename", "icon" : "/Library/Application Support/SwiftDialogResources/icons/Settings.png", "status" : "pending", "statustext" : "Pending"},
      {"title" : "Set Timezone", "icon" : "/Library/Application Support/SwiftDialogResources/icons/Settings.png", "status" : "pending", "statustext" : "Pending"},
      {"title" : "Wallpaper", "icon" : "/Library/Application Support/SwiftDialogResources/icons/Settings.png", "status" : "pending", "statustext" : "Pending"}
    ]
  }



